Organización Política,Estado Org. Política,Tipo partido,Alcance,Fecha de inscripción,Fecha de cancelación
PARTIDO POLITICO ADP,INSCRITO,PARTIDO POLÍTICO,NACIONAL,17/06/2025,
MOVIMIENTO REGIONAL YAKU APURIMAC,INSCRITO,MOVIMIENTO REGIONAL,APURÍMAC,31/10/2024,
PARTIDO MORADO,INSCRITO,PARTIDO POLÍTICO,NACIONAL,,01/03/2019
KAYPI PROGRESO,CANCELADO,MOVIMIENTO REGIONAL,APURÍMAC,,01/04/2011
ALIANZA GOBIERNO UNIDAD Y ACCION - AGUA,INSCRITO,MOVIMIENTO REGIONAL,ANCASH,,02/02/2021
REFORMA Y HONRADEZ POR MAS OBRAS,INSCRITO,ALIANZA ELECTORAL,REGIONAL,,02/03/2022
DESPERTAR NACIONAL,CANCELADO,PARTIDO POLÍTICO,NACIONAL,,02/07/2012
NUEVA MAYORIA,CANCELADO,PARTIDO POLÍTICO,NACIONAL,,02/07/2012
CAMBIO RADICAL,CANCELADO,PARTIDO POLÍTICO,NACIONAL,,02/07/2012
PARTIDO DESCENTRALISTA FUERZA SOCIAL,CANCELADO,PARTIDO POLÍTICO,NACIONAL,,02/07/2012
FUERZA NACIONAL,CANCELADO,PARTIDO POLÍTICO,NACIONAL,,02/07/2012
PARTIDO POLITICO ADELANTE,CANCELADO,PARTIDO POLÍTICO,NACIONAL,,02/07/2012
FRENTE POPULAR AGRICOLA FIA DEL PERU,CANCELADO,PARTIDO POLÍTICO,NACIONAL,,02/07/2012
CONCERTACION DESCENTRALISTA,CANCELADO,ALIANZA ELECTORAL,NACIONAL,,02/08/2006
MOVIMIENTO INDEPENDIENTE PROYECTO JOVEN,CANCELADO,ORGANIZACIÓN LOCAL (PROVINCIAL),ANCASH - YUNGAY,,02/09/2015
FONAVISTAS DEL PERU,CANCELADO,PARTIDO POLÍTICO,NACIONAL,,02/11/2011
BLOQUE POPULAR JUNIN,CANCELADO,MOVIMIENTO REGIONAL,JUNÍN,,03/05/2011
MOVIMIENTO REGIONAL TUMBES UNIDO,INSCRITO,MOVIMIENTO REGIONAL,TUMBES,,03/05/2024
PROGRESEMOS,INSCRITO,PARTIDO POLÍTICO,NACIONAL,,03/07/2024
NUEVO PERU POR EL BUEN VIVIR,INSCRITO,PARTIDO POLÍTICO,NACIONAL,,03/07/2024
MOVIMIENTO POLITICO REGIONAL CAJAMARCA RENACE,INSCRITO,MOVIMIENTO REGIONAL,CAJAMARCA,,03/09/2024
FRENTE NACIONAL DE TRABAJADORES Y CAMPESINOS,CANCELADO,MOVIMIENTO REGIONAL,PUNO,,04/04/2011
MOVIMIENTO LISTA DE INTEGRACION PARA EL DESARROLLO REGIONAL,CANCELADO,MOVIMIENTO REGIONAL,MOQUEGUA,,04/04/2011
MOVIMIENTO REGIONAL FORTALEZA PERU,INSCRITO,MOVIMIENTO REGIONAL,LA LIBERTAD,,04/06/2018
MOVIMIENTO INDEPENDIENTE REGIONAL FUERZA TACNA,INSCRITO,MOVIMIENTO REGIONAL,TACNA,,04/07/2014
ACCION POPULAR,INSCRITO,PARTIDO POLÍTICO,NACIONAL,,04/08/2004
ALIANZA SOLIDARIDAD NACIONAL,CANCELADO,ALIANZA ELECTORAL,NACIONAL,,04/08/2011
PERÚ POSIBLE,CANCELADO,ALIANZA ELECTORAL,NACIONAL,,04/08/2011
ALIANZA POR EL GRAN CAMBIO,CANCELADO,ALIANZA ELECTORAL,NACIONAL,,04/08/2011
PARTICIPACION POPULAR,CANCELADO,PARTIDO POLÍTICO,NACIONAL,,04/09/2012
ALTERNATIVA LIBRE,CANCELADO,ORGANIZACION LOCAL (DISTRITAL),LIMA - LIMA - PUEBLO LIBRE,,05/03/2007
FRENTE DE INTEGRACION VECINAL DE UTCUBAMBA,CANCELADO,ORGANIZACIÓN LOCAL (PROVINCIAL),AMAZONAS - UTCUBAMBA,,05/03/2007
ORGANIZACION INDEPENDIENTE TODOS POR ILO,CANCELADO,ORGANIZACIÓN LOCAL (PROVINCIAL),MOQUEGUA - ILO,,05/03/2007
ORGANIZACION INDEPENDIENTE ASHANINKA DEL PICHIS,CANCELADO,ORGANIZACION LOCAL (DISTRITAL),PASCO - OXAPAMPA - PUERTO BERMUDEZ,,05/03/2007
ACCION Y DESARROLLO SAN JUANINO,CANCELADO,ORGANIZACION LOCAL (DISTRITAL),LORETO - MAYNAS - SAN JUAN BAUTISTA,,05/03/2007
PISCO AL FUTURO,CANCELADO,ORGANIZACIÓN LOCAL (PROVINCIAL),ICA - PISCO,,05/03/2007
LUCHO POR EL RIMAC,CANCELADO,ORGANIZACION LOCAL (DISTRITAL),LIMA - LIMA - RIMAC,,05/03/2007
ARRIBA CAÑETE,CANCELADO,ORGANIZACIÓN LOCAL (PROVINCIAL),LIMA - CAÑETE,,05/03/2007
NACE UNA ESPERANZA,CANCELADO,ORGANIZACION LOCAL (DISTRITAL),LA LIBERTAD - TRUJILLO - LA ESPERANZA,,05/03/2007
CIVISMO Y DEMOCRACIA,CANCELADO,ORGANIZACION LOCAL (DISTRITAL),LA LIBERTAD - TRUJILLO - VICTOR LARCO HERRERA,,05/03/2007
AGRUPACION POLITICA INDEPENDIENTE JUNTOS POR EL CUSCO,CANCELADO,ORGANIZACIÓN LOCAL (PROVINCIAL),CUSCO - CUSCO,,05/03/2007
MOVILIZACION INDEPENDIENTE CAMPESINA ATUSPARIA,CANCELADO,ORGANIZACIÓN LOCAL (PROVINCIAL),ANCASH - SIHUAS,,05/03/2007
CONSENSO VECINAL,CANCELADO,ORGANIZACION LOCAL (DISTRITAL),LIMA - LIMA - LA VICTORIA,,05/03/2007
UNIDOS PUEBLO AGRO TAMBOGRANDE CASERIOS UNIDOS,CANCELADO,ORGANIZACION LOCAL (DISTRITAL),PIURA - PIURA - TAMBO GRANDE,,05/03/2007
DIGNIDAD VECINAL,CANCELADO,ORGANIZACION LOCAL (DISTRITAL),LIMA - LIMA - ATE,,05/03/2007
NUEVO SATIPO,CANCELADO,ORGANIZACIÓN LOCAL (PROVINCIAL),JUNÍN - SATIPO,,05/03/2007
UNIDOS POR EL CAMBIO DE PACHANGARA,CANCELADO,ORGANIZACION LOCAL (DISTRITAL),LIMA - OYON - PACHANGARA,,05/03/2007
ACCION SOLIDARIA,CANCELADO,ORGANIZACION LOCAL (DISTRITAL),LIMA - LIMA - SAN JUAN DE LURIGANCHO,,05/03/2007
RESURGIR SALPINO,CANCELADO,ORGANIZACION LOCAL (DISTRITAL),LA LIBERTAD - OTUZCO - SALPO,,05/03/2007
ARMANDO EL PROGRESO,CANCELADO,ORGANIZACION LOCAL (DISTRITAL),LIMA - LIMA - LURIGANCHO,,05/03/2007
SECHURANOS UNIDOS,CANCELADO,ORGANIZACIÓN LOCAL (PROVINCIAL),PIURA - SECHURA,,05/03/2007
PASCO VERDE,INSCRITO,MOVIMIENTO REGIONAL,PASCO,,05/05/2014
FRENTE POPULAR INDEPENDIENTE,CANCELADO,MOVIMIENTO REGIONAL,ICA,,05/07/2011
"PRIMERO LA GENTE - COMUNIDAD, ECOLOGIA, LIBERTAD Y PROGRESO",INSCRITO,PARTIDO POLÍTICO,NACIONAL,,05/07/2023
MOVIMIENTO DE INCLUSION REGIONAL,INSCRITO,MOVIMIENTO REGIONAL,TUMBES,,06/07/2015
MOVIMIENTO REGIONAL AYNI,INSCRITO,MOVIMIENTO REGIONAL,AYACUCHO,,06/10/2017
MOVIMIENTO INDEPENDIENTE REGIONAL MI BUEN VECINO,INSCRITO,MOVIMIENTO REGIONAL,HUÁNUCO,,07/02/2018
UNION REGIONAL,INSCRITO,MOVIMIENTO REGIONAL,SAN MARTÍN,,07/02/2018
UNO POR ICA,INSCRITO,MOVIMIENTO REGIONAL,ICA,,07/02/2018
SOCIOS POR ANCASH,INSCRITO,MOVIMIENTO REGIONAL,ANCASH,,07/03/2022
PERU MODERNO,INSCRITO,PARTIDO POLÍTICO,NACIONAL,,07/06/2023
PERU NACION,CANCELADO,PARTIDO POLÍTICO,NACIONAL,,07/09/2021
VAMOS PERU,CANCELADO,PARTIDO POLÍTICO,NACIONAL,,07/09/2021
PERU PATRIA SEGURA,CANCELADO,PARTIDO POLÍTICO,NACIONAL,,07/09/2021
DEMOCRACIA DIRECTA,CANCELADO,PARTIDO POLÍTICO,NACIONAL,,07/09/2021
TODOS POR EL PERU,CANCELADO,PARTIDO POLÍTICO,NACIONAL,,07/09/2021
PARTIDO POLITICO CONTIGO,CANCELADO,PARTIDO POLÍTICO,NACIONAL,,07/09/2021
VICTORIA NACIONAL,CANCELADO,PARTIDO POLÍTICO,NACIONAL,,07/09/2021
"EL FRENTE AMPLIO POR JUSTICIA, VIDA Y LIBERTAD",CANCELADO,PARTIDO POLÍTICO,NACIONAL,,07/09/2021
RENACIMIENTO UNIDO NACIONAL,CANCELADO,PARTIDO POLÍTICO,NACIONAL,,07/09/2021
PARTIDO NACIONALISTA PERUANO,CANCELADO,PARTIDO POLÍTICO,NACIONAL,,07/09/2021
UNION POR EL PERU,CANCELADO,PARTIDO POLÍTICO,NACIONAL,,07/09/2021
FRENTE REGIONAL DE CAJAMARCA,CANCELADO,MOVIMIENTO REGIONAL,CAJAMARCA,,07/10/2025
RENOVACION POPULAR,INSCRITO,PARTIDO POLÍTICO,NACIONAL,,07/12/2004
MOVIMIENTO ESPERANZA REGION AMAZONICA,INSCRITO,MOVIMIENTO REGIONAL,LORETO,,07/12/2005
MOVIMIENTO POLITICO REGIONAL DIGNIDAD TUMBESINA,INSCRITO,MOVIMIENTO REGIONAL,TUMBES,,08/01/2018
FUERZA AREQUIPEÑA,INSCRITO,MOVIMIENTO REGIONAL,AREQUIPA,,08/02/2010
REGION PARA TODOS,INSCRITO,MOVIMIENTO REGIONAL,PIURA,,08/04/2010
CAJAMARCA SIEMPRE VERDE,INSCRITO,MOVIMIENTO REGIONAL,CAJAMARCA,,08/06/2010
LIBERTAD POPULAR,INSCRITO,PARTIDO POLÍTICO,NACIONAL,,08/06/2023
FRENTE ESPERANZA POR TACNA,INSCRITO,MOVIMIENTO REGIONAL,TACNA,,09/01/2018
PASCO DIGNIDAD,INSCRITO,MOVIMIENTO REGIONAL,PASCO,,09/02/2011
FUERZA POPULAR,INSCRITO,PARTIDO POLÍTICO,NACIONAL,,09/03/2010
MOVIMIENTO DE INTEGRACION Y REVOLUCION ANDINA,INSCRITO,MOVIMIENTO REGIONAL,PUNO,,09/03/2018
YO AREQUIPA,INSCRITO,MOVIMIENTO REGIONAL,AREQUIPA,,09/03/2018
MOVIMIENTO REGIONAL QATARY HUANCAVELICA,INSCRITO,MOVIMIENTO REGIONAL,HUANCAVELICA,,09/04/2024
HATARIY APURIMAC,INSCRITO,MOVIMIENTO REGIONAL,APURÍMAC,,09/12/2021
MOVIMIENTO REGIONAL WARI LLAQTA,INSCRITO,MOVIMIENTO REGIONAL,AYACUCHO,,10/01/2018
PODEMOS PERU,INSCRITO,PARTIDO POLÍTICO,NACIONAL,,10/01/2018
JUNIN RENACE,INSCRITO,MOVIMIENTO REGIONAL,JUNÍN,,10/04/2018
PARTIDO POPULAR CRISTIANO - PPC,INSCRITO,PARTIDO POLÍTICO,NACIONAL,,10/05/2024
FRENTE UNIDAD VICTORIANA,CANCELADO,ORGANIZACION LOCAL (DISTRITAL),LIMA - LIMA - LA VICTORIA,,10/06/2010
JUNTOS POR JUNIN,CANCELADO,ALIANZA ELECTORAL,REGIONAL,,11/03/2018
MOVIMIENTO REGIONAL INKA PACHAKUTEQ,INSCRITO,MOVIMIENTO REGIONAL,CUSCO,,11/04/2014
ORGANIZACION POLITICA UNIDAD REGIONAL,INSCRITO,MOVIMIENTO REGIONAL,PIURA,,11/12/2017
ORGANIZACION POLITICA INDEPENDIENTE DISTRITAL ALTERNATIVA VERDE,CANCELADO,ORGANIZACION LOCAL (DISTRITAL),TUMBES - ZARUMILLA - AGUAS VERDES,,12/02/2015
CONTIGO LAREDO,CANCELADO,ORGANIZACION LOCAL (DISTRITAL),LA LIBERTAD - TRUJILLO - LAREDO,,12/02/2015
IZQUIERDA PAMPINA,CANCELADO,ORGANIZACION LOCAL (DISTRITAL),TUMBES - TUMBES - PAMPAS DE HOSPITAL,,12/02/2015
DIGNIDAD SAMEGUANA,CANCELADO,ORGANIZACION LOCAL (DISTRITAL),MOQUEGUA - MARISCAL NIETO - SAMEGUA,,12/02/2015
24 DE JULIO,CANCELADO,ORGANIZACIÓN LOCAL (PROVINCIAL),TUMBES - ZARUMILLA,,12/02/2015
AGRUPACION VECINAL CAMBIO Y DIGNIDAD,CANCELADO,ORGANIZACION LOCAL (DISTRITAL),LIMA - BARRANCA - PARAMONGA,,12/02/2015
GOBERNABILIDAD E INCLUSION SOCIAL GIS,CANCELADO,ORGANIZACIÓN LOCAL (PROVINCIAL),CAJAMARCA - CAJAMARCA,,12/02/2015
VAMOS CAYMA CON LA NUEVA GENERACION 2014,CANCELADO,ORGANIZACION LOCAL (DISTRITAL),AREQUIPA - AREQUIPA - CAYMA,,12/02/2015
ORGANIZACION INDEPENDIENTE LEALTAD CRISTIANA,CANCELADO,ORGANIZACION LOCAL (DISTRITAL),PASCO - PASCO - YANACANCHA,,12/02/2015
MOVIMIENTO INDEPENDIENTE JUNTOS POR YARINACOCHA,CANCELADO,ORGANIZACION LOCAL (DISTRITAL),UCAYALI - CORONEL PORTILLO - YARINACOCHA,,12/02/2015
ORGANIZACION POLITICA LOCAL FUERZA CAMPESINA,CANCELADO,ORGANIZACIÓN LOCAL (PROVINCIAL),CAJAMARCA - SAN IGNACIO,,12/02/2015
JUNTOS GOBERNAREMOS,CANCELADO,ORGANIZACION LOCAL (DISTRITAL),ANCASH - SANTA - NUEVO CHIMBOTE,,12/02/2015
¡ARRIBA PAIJAN!,CANCELADO,ORGANIZACION LOCAL (DISTRITAL),LA LIBERTAD - ASCOPE - PAIJAN,,12/02/2015
TARMA CORAZON,CANCELADO,ORGANIZACIÓN LOCAL (PROVINCIAL),JUNÍN - TARMA,,12/02/2015
LA ESPERANZA DE LA PROVINCIA DE CHEPEN,CANCELADO,ORGANIZACIÓN LOCAL (PROVINCIAL),LA LIBERTAD - CHEPEN,,12/02/2015
DIALOGO VECINAL,CANCELADO,ORGANIZACIÓN LOCAL (PROVINCIAL),LIMA - LIMA,,12/02/2015
LINDO HUARMEY,CANCELADO,ORGANIZACIÓN LOCAL (PROVINCIAL),ANCASH - HUARMEY,,12/02/2015
DIGNIDAD Y ESPERANZA FERREÑAFANA,CANCELADO,ORGANIZACIÓN LOCAL (PROVINCIAL),LAMBAYEQUE - FERREÑAFE,,12/02/2015
CUSCO LINDO,CANCELADO,ORGANIZACIÓN LOCAL (PROVINCIAL),CUSCO - CUSCO,,12/02/2015
"LA PERLA EMPRENDE, SI SE PUEDE",CANCELADO,ORGANIZACION LOCAL (DISTRITAL),CALLAO - CALLAO - LA PERLA,,12/02/2015
POR UN SAN JUAN SEGURO,CANCELADO,ORGANIZACION LOCAL (DISTRITAL),LIMA - LIMA - SAN JUAN DE MIRAFLORES,,12/02/2015
ESPERANZA CIUDADANA,CANCELADO,ORGANIZACIÓN LOCAL (PROVINCIAL),LAMBAYEQUE - CHICLAYO,,12/02/2015
MOVIMIENTO INDEPENDIENTE TAMBOGRANDINO,CANCELADO,ORGANIZACION LOCAL (DISTRITAL),PIURA - PIURA - TAMBO GRANDE,,12/02/2015
ALIANZA PARA EL PROGRESO,CANCELADO,PARTIDO POLÍTICO,NACIONAL,,12/04/2007
MOVIMIENTO REGIONAL AMAZONENSE UNIDOS AL CAMPO,INSCRITO,MOVIMIENTO REGIONAL,AMAZONAS,,12/05/2005
AGROPECUARIO HONORIA PROGRESO,CANCELADO,ORGANIZACION LOCAL (DISTRITAL),HUÁNUCO - PUERTO INCA - HONORIA,,12/08/2011
CAMINEMOS JUNTOS POR JUNIN,INSCRITO,MOVIMIENTO REGIONAL,JUNÍN,,13/01/2006
TRABAJO + TRABAJO,CANCELADO,ORGANIZACION LOCAL (DISTRITAL),LA LIBERTAD - CHEPEN - PUEBLO NUEVO,,13/01/2011
UNION CARRIONINA,CANCELADO,ORGANIZACIÓN LOCAL (PROVINCIAL),PASCO - DANIEL A. CARRION,,13/01/2011
PODER Y CAMBIO AL 2010,CANCELADO,ORGANIZACION LOCAL (DISTRITAL),AREQUIPA - AREQUIPA - CERRO COLORADO,,13/01/2011
CASERIOS PARA EL TRABAJO,CANCELADO,ORGANIZACION LOCAL (DISTRITAL),LA LIBERTAD - SANTIAGO DE CHUCO - MOLLEPATA,,13/01/2011
RECUPEREMOS VICTOR LARCO,CANCELADO,ORGANIZACION LOCAL (DISTRITAL),LA LIBERTAD - TRUJILLO - VICTOR LARCO HERRERA,,13/01/2011
TODOS POR BELEN,CANCELADO,ORGANIZACION LOCAL (DISTRITAL),LORETO - MAYNAS - BELEN,,13/01/2011
SOMOS VIDA,CANCELADO,ORGANIZACION LOCAL (DISTRITAL),ANCASH - SANTA - NUEVO CHIMBOTE,,13/01/2011
FRENTE INDEPENDIENTE EL PUEBLO ORGANIZADO,CANCELADO,ORGANIZACION LOCAL (DISTRITAL),LIMA - LIMA - SAN JUAN DE LURIGANCHO,,13/01/2011
MAS OBRAS Y DESARROLLO SOCIAL,CANCELADO,ORGANIZACION LOCAL (DISTRITAL),LIMA - LIMA - CHORRILLOS,,13/01/2011
UNIDAD VECINAL CASTELLANA,CANCELADO,ORGANIZACION LOCAL (DISTRITAL),PIURA - PIURA - CASTILLA,,13/01/2011
INTEGRACION CAYMA,CANCELADO,ORGANIZACION LOCAL (DISTRITAL),AREQUIPA - AREQUIPA - CAYMA,,13/01/2011
FRENTE DE INTEGRACION DISTRITAL SIEMPRE SAN JUAN,CANCELADO,ORGANIZACION LOCAL (DISTRITAL),TUMBES - TUMBES - SAN JUAN DE LA VIRGEN,,13/01/2011
UNIDAD Y DESARROLLO,CANCELADO,ORGANIZACION LOCAL (DISTRITAL),LA LIBERTAD - PACASMAYO - GUADALUPE,,13/01/2011
PERU POR LA MOLINA,CANCELADO,ORGANIZACION LOCAL (DISTRITAL),LIMA - LIMA - LA MOLINA,,13/01/2011
LOS OLIVOS SOLIDARIOS,CANCELADO,ORGANIZACION LOCAL (DISTRITAL),LIMA - LIMA - LOS OLIVOS,,13/01/2011
UPA-TCU UNIDOS PUEBLO AGRO TAMBOGRANDE CASERIOS UNIDOS,CANCELADO,ORGANIZACION LOCAL (DISTRITAL),PIURA - PIURA - TAMBO GRANDE,,13/01/2011
LOS INDEPENDIENTES,CANCELADO,ORGANIZACION LOCAL (DISTRITAL),TACNA - TACNA - CIUDAD NUEVA,,13/01/2011
TE QUIERO WANCHAQ,CANCELADO,ORGANIZACION LOCAL (DISTRITAL),CUSCO - CUSCO - WANCHAQ,,13/01/2011
MOVIMIENTO VERDE DE UCAYALI,INSCRITO,MOVIMIENTO REGIONAL,UCAYALI,,13/03/2023
PARTIDO DEMOCRATA UNIDO PERU,INSCRITO,PARTIDO POLÍTICO,NACIONAL,,13/03/2023
TODOS SOMOS UCAYALI,INSCRITO,MOVIMIENTO REGIONAL,UCAYALI,,13/04/2010
PROGRESANDO PERU,CANCELADO,PARTIDO POLÍTICO,NACIONAL,,13/07/2017
FRENTE ESPERANZA,CANCELADO,PARTIDO POLÍTICO,NACIONAL,,13/07/2017
PARTIDO POLITICO ORDEN,CANCELADO,PARTIDO POLÍTICO,NACIONAL,,13/07/2017
PERU POSIBLE,CANCELADO,PARTIDO POLÍTICO,NACIONAL,,13/07/2017
MOVIMIENTO REGIONAL MAS CALLAO,INSCRITO,MOVIMIENTO REGIONAL,CALLAO,,13/09/2017
PARTIDO DEMOCRATA VERDE,INSCRITO,PARTIDO POLÍTICO,NACIONAL,,14/02/2023
FE EN EL PERU,INSCRITO,PARTIDO POLÍTICO,NACIONAL,,14/02/2023
MOVIMIENTO REGIONAL BICENTENARIO - LA LIBERTAD,INSCRITO,MOVIMIENTO REGIONAL,LA LIBERTAD,,14/03/2023
ALIANZA REGIONAL TODOS POR PASCO,CANCELADO,ALIANZA ELECTORAL,REGIONAL,,14/06/2013
CONTIGO REGION,INSCRITO,MOVIMIENTO REGIONAL,PIURA,,14/07/2021
MOVIMIENTO ACCION NACIONALISTA PERUANO,INSCRITO,MOVIMIENTO REGIONAL,ANCASH,,14/08/2006
MOVIMIENTO REGIONAL VICTORIA AMAZONENSE,INSCRITO,MOVIMIENTO REGIONAL,AMAZONAS,,14/12/2021
PARTIDO POLITICO NACIONAL PERU LIBRE,INSCRITO,PARTIDO POLÍTICO,NACIONAL,,15/01/2016
MOVIMIENTO REGIONAL VIVA TACNA,CANCELADO,MOVIMIENTO REGIONAL,TACNA,,15/02/2023
IGUALDAD NACIONAL CRISTIANA AUTONOMA - INCA,CANCELADO,MOVIMIENTO REGIONAL,TACNA,,15/02/2023
INTEGRACION Y DESARROLLO,CANCELADO,MOVIMIENTO REGIONAL,TUMBES,,15/02/2023
JUNTOS POR LORETO,CANCELADO,MOVIMIENTO REGIONAL,LORETO,,15/02/2023
MOVIMIENTO REGIONAL TUMBES DECIDE,CANCELADO,MOVIMIENTO REGIONAL,TUMBES,,15/02/2023
"UNIDAD, EXPERIENCIA Y TRABAJO CON ETICA",CANCELADO,MOVIMIENTO REGIONAL,TUMBES,,15/02/2023
RECONSTRUCCION CON OBRAS MAS OBRAS PARA UN TUMBES BELLO,CANCELADO,MOVIMIENTO REGIONAL,TUMBES,,15/02/2023
FUERZA COMUNAL,CANCELADO,MOVIMIENTO REGIONAL,SAN MARTÍN,,15/02/2023
MOVIMIENTO INDEPENDIENTE REGIONAL FAENA,CANCELADO,MOVIMIENTO REGIONAL,TUMBES,,15/02/2023
MOVIMIENTO DESCENTRALISTA AMAZONICO - MODA,CANCELADO,MOVIMIENTO REGIONAL,LORETO,,15/02/2023
MOVIMIENTO RESISTENCIA AMAZONICA,CANCELADO,MOVIMIENTO REGIONAL,LORETO,,15/02/2023
MOVIMIENTO NARANJA,CANCELADO,MOVIMIENTO REGIONAL,TACNA,,15/02/2023
MOVIMIENTO REGIONAL FUTURO Y PROGRESO JUNIN,CANCELADO,MOVIMIENTO REGIONAL,JUNÍN,,15/02/2023
MOVIMIENTO INDEPENDIENTE LORETO - MI LORETO,CANCELADO,MOVIMIENTO REGIONAL,LORETO,,15/02/2023
MISION ORGANIZADA VIA INTEGRIDAD Y LIBERTAD,CANCELADO,MOVIMIENTO REGIONAL,LORETO,,15/02/2023
MOVIMIENTO REGIONAL BLOQUE POPULAR JUNIN,CANCELADO,MOVIMIENTO REGIONAL,JUNÍN,,15/02/2023
SUMATE,CANCELADO,MOVIMIENTO REGIONAL,LA LIBERTAD,,15/02/2023
MOVIMIENTO VERDE UNIDO,CANCELADO,MOVIMIENTO REGIONAL,LAMBAYEQUE,,15/02/2023
MOVIMIENTO LIDER  - LISTA DE INTEGRACION PARA EL DESARROLLO REGIONAL,CANCELADO,MOVIMIENTO REGIONAL,MOQUEGUA,,15/02/2023
FUERZA LORETANA,CANCELADO,MOVIMIENTO REGIONAL,LORETO,,15/02/2023
SI SE PUEDE,CANCELADO,MOVIMIENTO REGIONAL,TACNA,,15/02/2023
FUERZA REGIONAL,CANCELADO,MOVIMIENTO REGIONAL,LIMA,,15/02/2023
FRENTE DE INTEGRACION REGIONAL MOQUEGUA EMPRENDEDORA FIRME,CANCELADO,MOVIMIENTO REGIONAL,MOQUEGUA,,15/02/2023
ARRIBA TACNA,CANCELADO,MOVIMIENTO REGIONAL,TACNA,,15/02/2023
MOVIMIENTO INTEGRACION LORETANA,CANCELADO,MOVIMIENTO REGIONAL,LORETO,,15/02/2023
NUEVA AMAZONIA,CANCELADO,MOVIMIENTO REGIONAL,SAN MARTÍN,,15/02/2023
NUEVA LIBERTAD,CANCELADO,MOVIMIENTO REGIONAL,LA LIBERTAD,,15/02/2023
REFORMA Y HONRADEZ,INSCRITO,MOVIMIENTO REGIONAL,PUNO,,15/12/2021
AREQUIPA - UNIDOS POR EL GRAN CAMBIO,CANCELADO,MOVIMIENTO REGIONAL,AREQUIPA,,16/02/2023
MOVIMIENTO REGIONAL FUERZA AMAZONENSE,CANCELADO,MOVIMIENTO REGIONAL,AMAZONAS,,16/02/2023
MOVIMIENTO REGIONAL VIVA EL CALLAO,CANCELADO,MOVIMIENTO REGIONAL,CALLAO,,16/02/2023
ACCION REGIONAL,CANCELADO,MOVIMIENTO REGIONAL,SAN MARTÍN,,16/02/2023
"FRENTE INDEPENDIENTE ALIANZA REGIONAL F.I.A.R.- ""NUEVA GENERACION """,CANCELADO,MOVIMIENTO REGIONAL,HUÁNUCO,,16/02/2023
MOVIMIENTO REGIONAL TAWANTINSUYO,CANCELADO,MOVIMIENTO REGIONAL,CUSCO,,16/02/2023
AUTOGOBIERNO AYLLU,CANCELADO,MOVIMIENTO REGIONAL,CUSCO,,16/02/2023
CORAZON PATRIOTA,CANCELADO,MOVIMIENTO REGIONAL,JUNÍN,,16/02/2023
OBRAS POR AMAZONAS,CANCELADO,MOVIMIENTO REGIONAL,AMAZONAS,,16/02/2023
PODER POPULAR ANDINO,CANCELADO,MOVIMIENTO REGIONAL,APURÍMAC,,16/02/2023
TODOS POR EL GRAN CAMBIO,CANCELADO,MOVIMIENTO REGIONAL,HUÁNUCO,,16/02/2023
JUNTOS SOMOS ICA,CANCELADO,MOVIMIENTO REGIONAL,ICA,,16/02/2023
UNIDAD Y DEMOCRACIA DE AMAZONAS,CANCELADO,MOVIMIENTO REGIONAL,AMAZONAS,,16/02/2023
PIURA RENACE,CANCELADO,MOVIMIENTO REGIONAL,PIURA,,16/02/2023
IDENTIDAD REGIONAL,CANCELADO,MOVIMIENTO REGIONAL,PUNO,,16/02/2023
JUNIN EMPRENDEDORES RUMBO AL 21,CANCELADO,MOVIMIENTO REGIONAL,JUNÍN,,16/02/2023
FUERZA INKA AMAZONICA,CANCELADO,MOVIMIENTO REGIONAL,CUSCO,,16/02/2023
KAUSACHUN CUSCO,CANCELADO,MOVIMIENTO REGIONAL,CUSCO,,16/02/2023
MOVIMIENTO INDEPENDIENTE REGIONAL AYLLU,CANCELADO,MOVIMIENTO REGIONAL,HUANCAVELICA,,16/02/2023
MOVIMIENTO DE DESARROLLO LOCAL MODELO REGION PIURA,CANCELADO,MOVIMIENTO REGIONAL,PIURA,,16/02/2023
ALIANZA RENACE AYACUCHO,CANCELADO,MOVIMIENTO REGIONAL,AYACUCHO,,16/02/2023
MOVIMIENTO REGIONAL LLANKASUN KUSKA,CANCELADO,MOVIMIENTO REGIONAL,APURÍMAC,,16/02/2023
AMAZONAS SIGLO 21,CANCELADO,MOVIMIENTO REGIONAL,AMAZONAS,,16/02/2023
JUNIN SOSTENIBLE CON SU GENTE,CANCELADO,MOVIMIENTO REGIONAL,JUNÍN,,16/02/2023
GRAN PROYECTO SOCIAL,CANCELADO,MOVIMIENTO REGIONAL,HUÁNUCO,,16/02/2023
AREQUIPA RENACE,CANCELADO,MOVIMIENTO REGIONAL,AREQUIPA,,16/02/2023
GESTIONANDO OBRAS Y OPORTUNIDADES CON LIDERAZGO,CANCELADO,MOVIMIENTO REGIONAL,PUNO,,16/02/2023
VALE ANCASH,CANCELADO,MOVIMIENTO REGIONAL,ANCASH,,16/02/2023
JUNIN PARA TODOS,CANCELADO,MOVIMIENTO REGIONAL,JUNÍN,,16/02/2023
COMBINA JUNIN,CANCELADO,MOVIMIENTO REGIONAL,JUNÍN,,16/02/2023
MOVIMIENTO REGIONAL REVALORA,CANCELADO,MOVIMIENTO REGIONAL,AREQUIPA,,16/02/2023
DESARROLLO INTEGRAL AYACUCHO,CANCELADO,MOVIMIENTO REGIONAL,AYACUCHO,,16/02/2023
FRENTE AMPLIO PARA EL DESARROLLO DEL PUEBLO,CANCELADO,MOVIMIENTO REGIONAL,PUNO,,16/02/2023
MOVIMIENTO DE AFIRMACION SOCIAL,CANCELADO,MOVIMIENTO REGIONAL,CAJAMARCA,,16/02/2023
MOVIMIENTO REGIONAL FUERZA SOCIAL CAJAMARCA,CANCELADO,MOVIMIENTO REGIONAL,CAJAMARCA,,16/02/2023
MOVIMIENTO REGIONAL SOMOS CALLAO,CANCELADO,MOVIMIENTO REGIONAL,CALLAO,,16/02/2023
QATUN TARPUY,CANCELADO,MOVIMIENTO REGIONAL,AYACUCHO,,16/02/2023
AREQUIPA TRANSFORMACION,CANCELADO,MOVIMIENTO REGIONAL,AREQUIPA,,16/02/2023
MOVIMIENTO INDEPENDIENTE CHIMPUM CALLAO,CANCELADO,MOVIMIENTO REGIONAL,CALLAO,,16/02/2023
UNION DEMOCRATICA DEL NORTE,CANCELADO,MOVIMIENTO REGIONAL,PIURA,,16/02/2023
AVANZADA REGIONAL INDEPENDIENTE UNIDOS POR HUANUCO,CANCELADO,MOVIMIENTO REGIONAL,HUÁNUCO,,16/02/2023
MOVIMIENTO INDEPENDIENTE REGIONAL RIO SANTA CAUDALOSO,CANCELADO,MOVIMIENTO REGIONAL,ANCASH,,16/02/2023
FRENTE ANDINO AMAZONICO,CANCELADO,MOVIMIENTO REGIONAL,PASCO,,16/02/2023
JUNTOS POR EL DESARROLLO DE AREQUIPA,CANCELADO,MOVIMIENTO REGIONAL,AREQUIPA,,16/02/2023
MOVIMIENTO DE INTEGRACION POR EL DESARROLLO REGIONAL (MI CASITA),CANCELADO,MOVIMIENTO REGIONAL,PUNO,,16/02/2023
MOVIMIENTO POPULAR KALLPA,CANCELADO,MOVIMIENTO REGIONAL,APURÍMAC,,16/02/2023
MOVIMIENTO INDEPENDIENTE REGIONAL ANCASH A LA OBRA,CANCELADO,MOVIMIENTO REGIONAL,ANCASH,,16/02/2023
MOVIMIENTO INDEPENDIENTE REGIONAL UNIDOS POR HUANCAVELICA,CANCELADO,MOVIMIENTO REGIONAL,HUANCAVELICA,,16/02/2023
CONCERTACION EN LA REGION,CANCELADO,MOVIMIENTO REGIONAL,PASCO,,16/02/2023
PARTIDO REGIONAL DE INTEGRACION,CANCELADO,MOVIMIENTO REGIONAL,ICA,,16/02/2023
MOVIMIENTO INDEPENDIENTE DE CAMPESINOS Y PROFESIONALES,CANCELADO,MOVIMIENTO REGIONAL,HUANCAVELICA,,16/02/2023
POR TI CALLAO,CANCELADO,MOVIMIENTO REGIONAL,CALLAO,,16/02/2023
NUESTRO ILO - MOQUEGUA - SANCHEZ CERRO,CANCELADO,MOVIMIENTO REGIONAL,MOQUEGUA,,16/02/2023
UNIDOS POR LA REGION,CANCELADO,MOVIMIENTO REGIONAL,ICA,,16/02/2023
FUERZA CALLAO SEGURO,CANCELADO,MOVIMIENTO REGIONAL,CALLAO,,16/02/2023
MOVIMIENTO REGIONAL SEGURIDAD Y PROSPERIDAD,CANCELADO,MOVIMIENTO REGIONAL,PIURA,,16/02/2023
MOVIMIENTO DE IDENTIDAD REGIONAL DE AYACUCHO,CANCELADO,MOVIMIENTO REGIONAL,AYACUCHO,,16/02/2023
UDC CALLAO,CANCELADO,MOVIMIENTO REGIONAL,CALLAO,,16/02/2023
MUSUQ ÑAN,CANCELADO,MOVIMIENTO REGIONAL,AYACUCHO,,16/02/2023
FRENTE REGIONAL AYACUCHO,CANCELADO,MOVIMIENTO REGIONAL,AYACUCHO,,16/02/2023
CONTIGO CALLAO,INSCRITO,MOVIMIENTO REGIONAL,CALLAO,,16/03/2016
ALIANZA ELECTORAL SOLIDARIDAD NACIONAL - UPP,CANCELADO,ALIANZA ELECTORAL,NACIONAL,,16/08/2016
PARTIDO FRENTE DE LA ESPERANZA 2021,INSCRITO,PARTIDO POLÍTICO,NACIONAL,,16/09/2021
PARTIDO MOVIMIENTO HUMANISTA PERUANO,CANCELADO,PARTIDO POLÍTICO,NACIONAL,,17/05/2007
CONCERTACION PARA EL DESARROLLO REGIONAL - LIMA,INSCRITO,MOVIMIENTO REGIONAL,LIMA,,17/07/2006
RECUPEREMOS TACNA,CANCELADO,MOVIMIENTO REGIONAL,TACNA,,18/02/2015
MOVIMIENTO TUMBESINO PUEBLO UNIDO,CANCELADO,MOVIMIENTO REGIONAL,TUMBES,,18/02/2015
FUERZA TUMBESINA 2010,CANCELADO,MOVIMIENTO REGIONAL,TUMBES,,18/02/2015
MI CALLAO,CANCELADO,MOVIMIENTO REGIONAL,CALLAO,,18/02/2015
MOVIMIENTO REGIONAL AREQUIPA CUENTA CONMIGO,CANCELADO,MOVIMIENTO REGIONAL,AREQUIPA,,18/02/2015
MOVIMIENTO REGIONAL OBRAS + OBRAS,CANCELADO,MOVIMIENTO REGIONAL,PIURA,,18/02/2015
MOVIMIENTO POLITICO REGIONAL FUERZA JUVENIL,CANCELADO,MOVIMIENTO REGIONAL,UCAYALI,,18/02/2015
POR TODOS,CANCELADO,ALIANZA ELECTORAL,REGIONAL,,18/02/2015
UNIDOS CONSTRUYENDO,CANCELADO,MOVIMIENTO REGIONAL,PIURA,,18/02/2015
VAMOS AREQUIPA,CANCELADO,ALIANZA ELECTORAL,REGIONAL,,18/02/2015
MOVIMIENTO POPULAR AYMARA QUECHUA AMAZONENSE,CANCELADO,MOVIMIENTO REGIONAL,TACNA,,18/02/2015
PUERTO CALLAO,CANCELADO,ALIANZA ELECTORAL,REGIONAL,,18/02/2015
PROYECTO POLITICO AQUI,CANCELADO,MOVIMIENTO REGIONAL,PUNO,,18/02/2015
ALTERNATIVA DE PAZ Y DESARROLLO,CANCELADO,MOVIMIENTO REGIONAL,PIURA,,18/02/2015
FRENTE REGIONAL PROGRESISTA IQUEÑO,CANCELADO,MOVIMIENTO REGIONAL,ICA,,18/02/2015
SOMOS INDEPENDIENTES,CANCELADO,MOVIMIENTO REGIONAL,MOQUEGUA,,18/02/2015
MOVIMIENTO INDEPENDIENTE REGIONAL TODOS CON AYACUCHO,CANCELADO,MOVIMIENTO REGIONAL,AYACUCHO,,18/02/2015
"REFORMA REGIONAL ANDINA INTEGRACION, PARTICIPACION ECONOMICA Y SOCIAL PUNO",CANCELADO,MOVIMIENTO REGIONAL,PUNO,,18/02/2015
MOVIMIENTO POLITICO REGIONAL FUERZA UCAYALINA (FU),CANCELADO,MOVIMIENTO REGIONAL,UCAYALI,,18/02/2015
FRENTE UNICO DE TRABAJADORES,CANCELADO,MOVIMIENTO REGIONAL,AYACUCHO,,18/02/2015
CONSTRUYENDO REGION,CANCELADO,MOVIMIENTO REGIONAL,PIURA,,18/02/2015
TACNA EN ACCION,CANCELADO,MOVIMIENTO REGIONAL,TACNA,,18/02/2015
MOVIMIENTO DE INTEGRACION ECOLOGISTA TUMBESINO,CANCELADO,MOVIMIENTO REGIONAL,TUMBES,,18/02/2015
MOVIMIENTO REGIONAL PROGRESO Y DESARROLLO,CANCELADO,MOVIMIENTO REGIONAL,UCAYALI,,18/02/2015
INTEGRACION REGIONAL POR TI,CANCELADO,MOVIMIENTO REGIONAL,MOQUEGUA,,18/02/2015
FRENTE REGIONAL UNIDOS POR TACNA,CANCELADO,MOVIMIENTO REGIONAL,TACNA,,18/02/2015
RENOVACION ANCASHINA,CANCELADO,MOVIMIENTO REGIONAL,ANCASH,,18/02/2015
JUNTOS POR EL CAMBIO,CANCELADO,MOVIMIENTO REGIONAL,ANCASH,,18/02/2015
UNION NACIONALISTA ANCASHINA,CANCELADO,MOVIMIENTO REGIONAL,ANCASH,,18/02/2015
AMISTAD SOLIDARIA INDEPENDIENTE,CANCELADO,MOVIMIENTO REGIONAL,LAMBAYEQUE,,18/02/2015
PODER PARA TODOS,CANCELADO,MOVIMIENTO REGIONAL,LAMBAYEQUE,,18/02/2015
MOVIMIENTO ANDINO SOCIALISTA,CANCELADO,MOVIMIENTO REGIONAL,PUNO,,18/02/2015
MOVIMIENTO AL SOCIALISMO Y LIBERTAD,CANCELADO,MOVIMIENTO REGIONAL,PUNO,,18/02/2015
MOVIMIENTO DE AFIRMACION SOCIAL - ACCION,CANCELADO,MOVIMIENTO REGIONAL,PIURA,,18/02/2015
MOVIMIENTO AGRARIO PUNEÑO,CANCELADO,MOVIMIENTO REGIONAL,PUNO,,18/02/2015
CONVERGENCIA REGIONAL DESCENTRALISTA,CANCELADO,MOVIMIENTO REGIONAL,JUNÍN,,18/02/2015
PODER POPULAR,CANCELADO,MOVIMIENTO REGIONAL,JUNÍN,,18/02/2015
MOVIMIENTO REGIONAL PAN,CANCELADO,MOVIMIENTO REGIONAL,CUSCO,,18/02/2015
ALIANZA POPULAR,CANCELADO,ALIANZA ELECTORAL,REGIONAL,,18/02/2015
PADIN - MOVIMIENTO INDEPENDIENTE REGIONAL,CANCELADO,MOVIMIENTO REGIONAL,LIMA,,18/02/2015
MOVIMIENTO REGIONAL INDEPENDIENTE CUENTA CONMIGO,CANCELADO,MOVIMIENTO REGIONAL,ANCASH,,18/02/2015
FRENTE CIVICO LIBERTAD,CANCELADO,MOVIMIENTO REGIONAL,ICA,,18/02/2015
BLOQUE POPULAR UCAYALI,CANCELADO,MOVIMIENTO REGIONAL,UCAYALI,,18/02/2015
FRENTE POPULAR LLAPANCHIK,CANCELADO,MOVIMIENTO REGIONAL,APURÍMAC,,18/02/2015
TIERRA Y LIBERTAD CUSCO,CANCELADO,MOVIMIENTO REGIONAL,CUSCO,,18/02/2015
FRENTE DEMOCRATICO REGIONAL,CANCELADO,MOVIMIENTO REGIONAL,HUÁNUCO,,18/02/2015
POR LA UNIDAD Y LA MODERNIDAD DE JUNIN VENCEREMOS,CANCELADO,MOVIMIENTO REGIONAL,JUNÍN,,18/02/2015
FRENTE REGIONAL PODER COMUNAL,CANCELADO,MOVIMIENTO REGIONAL,HUANCAVELICA,,18/02/2015
MOVIMIENTO REGIONAL DE MADRE DE DIOS MINEROS UNIDOS,CANCELADO,MOVIMIENTO REGIONAL,MADRE DE DIOS,,18/02/2015
BLOQUE POPULAR MADRE DE DIOS,CANCELADO,MOVIMIENTO REGIONAL,MADRE DE DIOS,,18/02/2015
PARTICIPACION TUMBESINA,CANCELADO,MOVIMIENTO REGIONAL,TUMBES,,18/02/2015
MOVIMIENTO POLITICO REGIONAL UNIPOL,CANCELADO,MOVIMIENTO REGIONAL,LORETO,,18/02/2015
AGRO SI,CANCELADO,MOVIMIENTO REGIONAL,PIURA,,18/02/2015
MOVIMIENTO POLITICO REGIONAL VAMOS TACNA,CANCELADO,MOVIMIENTO REGIONAL,TACNA,,18/02/2015
MOVIMIENTO ETNOCACERISTA AYACUCHO,CANCELADO,MOVIMIENTO REGIONAL,AYACUCHO,,18/02/2015
COLECTIVO CIUDADANO CONFIANZA PERU,CANCELADO,MOVIMIENTO REGIONAL,LIMA,,18/02/2015
LUCHEMOS POR TUMBES,CANCELADO,MOVIMIENTO REGIONAL,TUMBES,,18/02/2015
ADUANEC,CANCELADO,MOVIMIENTO REGIONAL,CALLAO,,18/02/2015
MOVIMIENTO AMPLIO REGIONAL CALLAO,CANCELADO,MOVIMIENTO REGIONAL,CALLAO,,18/02/2015
ALIANZA PARA EL PROGRESO DE AREQUIPA,CANCELADO,ALIANZA ELECTORAL,REGIONAL,,18/02/2015
CONCERTACION EN PRO DE UNA MISION SOSTENIBLE,CANCELADO,MOVIMIENTO REGIONAL,AREQUIPA,,18/02/2015
PROYECTO INTEGRACIONISTA DE COMUNIDADES ORGANIZADAS,CANCELADO,MOVIMIENTO REGIONAL,HUANCAVELICA,,18/02/2015
LORETO PARA TODOS,CANCELADO,MOVIMIENTO REGIONAL,LORETO,,18/02/2015
INTEGRANDO UCAYALI,CANCELADO,MOVIMIENTO REGIONAL,UCAYALI,,18/02/2015
PATRIA ARRIBA PERU ADELANTE,CANCELADO,MOVIMIENTO REGIONAL,CUSCO,,18/02/2015
ALIANZA NACIONAL DE TRABAJADORES AGRICULTORES UNIVERSITARIOS RESERVISTAS Y OBREROS,CANCELADO,PARTIDO POLÍTICO,NACIONAL,,18/03/2025
MOVIMIENTO REGIONAL NUEVA LIBERTAD,INSCRITO,MOVIMIENTO REGIONAL,LA LIBERTAD,,18/07/2024
PARTIDO POLITICO PRIN,INSCRITO,PARTIDO POLÍTICO,NACIONAL,,19/01/2023
PARTIDO RENACIMIENTO ANDINO,CANCELADO,PARTIDO POLÍTICO,NACIONAL,,19/03/2007
PARTIDO POLITICO PERU PRIMERO,INSCRITO,PARTIDO POLÍTICO,NACIONAL,,19/06/2023
MOVIMIENTO REGIONAL UNIDOS POR JUNIN,INSCRITO,MOVIMIENTO REGIONAL,JUNÍN,,19/07/2024
MOVIMIENTO POLITICO REGIONAL PERU LIBRE,CANCELADO,MOVIMIENTO REGIONAL,JUNÍN,,19/08/2019
UN AMIGO A TU SERVICIO,CANCELADO,ORGANIZACIÓN LOCAL (PROVINCIAL),LA LIBERTAD - SANTIAGO DE CHUCO,,19/09/2013
FUTURO PARA TODOS,CANCELADO,ORGANIZACIÓN LOCAL (PROVINCIAL),ANCASH - SANTA,,19/09/2013
SENTIMIENTO AMAZONENSE REGIONAL,INSCRITO,MOVIMIENTO REGIONAL,AMAZONAS,,19/12/2013
OBRAS SIEMPRE OBRAS,INSCRITO,MOVIMIENTO REGIONAL,PUNO,,20/02/2019
ALIANZA PARA EL PROGRESO DE AYACUCHO,CANCELADO,ALIANZA ELECTORAL,REGIONAL,,20/03/2018
COALICION TRANSFORMADORA TIERRA VERDE,INSCRITO,PARTIDO POLÍTICO,NACIONAL,,20/11/2025
MOVIMIENTO AMA SUA,INSCRITO,MOVIMIENTO REGIONAL,ANCASH,,21/05/2024
INTEGRACION CHINCHANA,CANCELADO,ORGANIZACIÓN LOCAL (PROVINCIAL),ICA - CHINCHA,,21/06/2010
ORGANIZACION POLITICA LOCAL PROVINCIAL DIALOGO VECINAL,CANCELADO,ORGANIZACIÓN LOCAL (PROVINCIAL),LIMA - LIMA,,21/06/2010
DEMOCRACIA CON VALORES,CANCELADO,ORGANIZACIÓN LOCAL (PROVINCIAL),LIMA - LIMA,,21/06/2010
FRENTE INDEPENDIENTE CONCERTACION POR ANCON,CANCELADO,ORGANIZACION LOCAL (DISTRITAL),LIMA - LIMA - ANCON,,21/06/2010
UNIDOS POR CHINCHA,CANCELADO,ORGANIZACIÓN LOCAL (PROVINCIAL),ICA - CHINCHA,,21/06/2010
PATRIA JOVEN,INSCRITO,MOVIMIENTO REGIONAL,LIMA,,21/08/2006
MOVIMIENTO REGIONAL INTEGRACION HUANCAVELICANA,INSCRITO,MOVIMIENTO REGIONAL,HUANCAVELICA,,22/04/2024
UCAYALI REGION CON FUTURO,INSCRITO,MOVIMIENTO REGIONAL,UCAYALI,,22/05/2006
KAUSACHUN,INSCRITO,MOVIMIENTO REGIONAL,MOQUEGUA,,22/05/2014
PARTIDO DEMOCRATICO SOMOS PERU,INSCRITO,PARTIDO POLÍTICO,NACIONAL,,22/11/2004
DESARROLLO SOCIAL AMAZONENSE,CANCELADO,MOVIMIENTO REGIONAL,AMAZONAS,,23/03/2011
JUNTOS POR EL PERU,INSCRITO,PARTIDO POLÍTICO,NACIONAL,,23/11/2009
ALIANZA PERU POSIBLE,CANCELADO,ALIANZA ELECTORAL,REGIONAL,,24/01/2011
ALIANZA CAJAMARCA SIEMPRE VERDE - FUERZA 2011,CANCELADO,ALIANZA ELECTORAL,REGIONAL,,24/01/2011
GRAN ALIANZA NACIONALISTA DE MADRE DE DIOS,CANCELADO,ALIANZA ELECTORAL,REGIONAL,,24/01/2011
ACUERDO REGIONAL DE INTEGRACION,CANCELADO,ALIANZA ELECTORAL,REGIONAL,,24/01/2011
SUMATE - PERU POSIBLE,CANCELADO,ALIANZA ELECTORAL,REGIONAL,,24/01/2011
PARTIDO APRISTA PERUANO,INSCRITO,PARTIDO POLÍTICO,NACIONAL,,24/03/2023
BANDERAS TACNEÑISTAS,INSCRITO,MOVIMIENTO REGIONAL,TACNA,,24/06/2010
AHORA NACION - AN,INSCRITO,PARTIDO POLÍTICO,NACIONAL,,24/07/2024
VIVA PUNO,INSCRITO,MOVIMIENTO REGIONAL,PUNO,,24/10/2024
MOVIMIENTO REGIONAL UNIDAD CIVICA LIMA,INSCRITO,MOVIMIENTO REGIONAL,LIMA,,25/03/2014
NUEVA ESPERANZA,INSCRITO,MOVIMIENTO REGIONAL,TACNA,,25/04/2014
ALIANZA POR NUESTRO DESARROLLO,INSCRITO,MOVIMIENTO REGIONAL,AYACUCHO,,25/04/2018
ALIANZA REGIONAL JUNTOS POR AMAZONAS,CANCELADO,ALIANZA ELECTORAL,REGIONAL,,25/06/2014
PARTIDO POLITICO PERU ACCION,INSCRITO,PARTIDO POLÍTICO,NACIONAL,,25/07/2023
MOVIMIENTO REGIONAL OBRAS POR LA MODERNIDAD,INSCRITO,MOVIMIENTO REGIONAL,ICA,,25/10/2013
"AREQUIPA, TRADICION Y FUTURO",INSCRITO,MOVIMIENTO REGIONAL,AREQUIPA,,25/11/2005
IDENTIDAD CANTEÑA,CANCELADO,ORGANIZACIÓN LOCAL (PROVINCIAL),LIMA - CANTA,,26/02/2010
FRENTE DE CONCERTACION VECINAL CUTERVINA,CANCELADO,ORGANIZACIÓN LOCAL (PROVINCIAL),CAJAMARCA - CUTERVO,,26/02/2010
UNIDOS POR PATAZ,CANCELADO,ORGANIZACIÓN LOCAL (PROVINCIAL),LA LIBERTAD - PATAZ,,26/02/2010
SOMOS PUEBLO,INSCRITO,MOVIMIENTO REGIONAL,PUNO,,26/02/2018
MOVIMIENTO INDEPENDIENTE POLITICO VOLUNTAD GENERAL AMAZONICA - VOGA,INSCRITO,MOVIMIENTO REGIONAL,LORETO,,26/03/2014
PROGRESISTA DE APURIMAC,INSCRITO,MOVIMIENTO REGIONAL,APURÍMAC,,26/04/2018
MOVIMIENTO REGIONAL AGUA,INSCRITO,MOVIMIENTO REGIONAL,AYACUCHO,,27/04/2021
DEL CAMBIO A LA MODERNIDAD,CANCELADO,ORGANIZACIÓN LOCAL (PROVINCIAL),ICA - CHINCHA,,27/08/2007
ESPERANZA POPULAR,CANCELADO,ORGANIZACIÓN LOCAL (PROVINCIAL),PIURA - SULLANA,,27/08/2007
PROGRESEMOS PERU,CANCELADO,PARTIDO POLÍTICO,NACIONAL,,27/08/2007
AVANZA PAIS - PARTIDO DE INTEGRACION SOCIAL,CANCELADO,PARTIDO POLÍTICO,NACIONAL,,27/08/2007
PARTIDO RECONSTRUCCION DEMOCRATICA,CANCELADO,PARTIDO POLÍTICO,NACIONAL,,27/08/2007
PROYECTO PAIS,CANCELADO,PARTIDO POLÍTICO,NACIONAL,,27/08/2007
Y SE LLAMA PERU,CANCELADO,PARTIDO POLÍTICO,NACIONAL,,27/08/2007
FUERZA DEMOCRATICA,CANCELADO,PARTIDO POLÍTICO,NACIONAL,,27/08/2007
PARTIDO SOCIALISTA,CANCELADO,PARTIDO POLÍTICO,NACIONAL,,27/08/2007
RESURGIMIENTO PERUANO,CANCELADO,PARTIDO POLÍTICO,NACIONAL,,27/08/2007
FRENTE INDEPENDIENTE MORALIZADOR,CANCELADO,PARTIDO POLÍTICO,NACIONAL,,27/08/2007
PERU AHORA,CANCELADO,PARTIDO POLÍTICO,NACIONAL,,27/08/2007
PARTIDO POR LA DEMOCRACIA SOCIAL - COMPROMISO PERU,CANCELADO,PARTIDO POLÍTICO,NACIONAL,,27/08/2007
CON FUERZA PERU,CANCELADO,PARTIDO POLÍTICO,NACIONAL,,27/08/2007
PARTIDO JUSTICIA NACIONAL,CANCELADO,PARTIDO POLÍTICO,NACIONAL,,27/08/2007
FRENTE POPULAR AGRICOLA FIA DEL PERU - FREPAP,CANCELADO,PARTIDO POLÍTICO,NACIONAL,,27/08/2007
AREQUIPA REVOLUCION E IGUALDAD,CANCELADO,MOVIMIENTO REGIONAL,AREQUIPA,,28/01/2011
RENOVACION POR EL DESARROLLO,CANCELADO,MOVIMIENTO REGIONAL,MADRE DE DIOS,,28/01/2011
ALLIN KAUSAY,CANCELADO,MOVIMIENTO REGIONAL,AYACUCHO,,28/01/2011
MOVIMIENTO INDEPENDIENTE REGIONAL INTI,CANCELADO,MOVIMIENTO REGIONAL,HUANCAVELICA,,28/01/2011
MOVIMIENTO POR LA AUTONOMIA REGIONAL QUECHUA-AYMARA,CANCELADO,MOVIMIENTO REGIONAL,PUNO,,28/01/2011
FUERZA UNIDAD MOQUEGUA,CANCELADO,MOVIMIENTO REGIONAL,MOQUEGUA,,28/01/2011
COMPROMISO CAMPESINO,CANCELADO,MOVIMIENTO REGIONAL,CAJAMARCA,,28/01/2011
JUSTICIA REGIONAL,CANCELADO,MOVIMIENTO REGIONAL,MADRE DE DIOS,,28/01/2011
NUEVA FUERZA REGIONAL ANDINA,CANCELADO,MOVIMIENTO REGIONAL,APURÍMAC,,28/01/2011
ESFUERZO UNIDOS,CANCELADO,MOVIMIENTO REGIONAL,UCAYALI,,28/01/2011
MOVIMIENTO INDEPENDIENTE REGIONAL APURIMAC UNIDO,CANCELADO,MOVIMIENTO REGIONAL,APURÍMAC,,28/01/2011
MOVIMIENTO INDEPENDIENTE NUESTRO ILO-MOQUEGUA,CANCELADO,MOVIMIENTO REGIONAL,MOQUEGUA,,28/01/2011
MOVIMIENTO REGIONAL PUEBLO EN ACCION,CANCELADO,MOVIMIENTO REGIONAL,CUSCO,,28/01/2011
MOVIMIENTO INDEPENDIENTE TODOS POR LAMBAYEQUE,CANCELADO,MOVIMIENTO REGIONAL,LAMBAYEQUE,,28/01/2011
MOVIMIENTO INDEPENDIENTE REGIONALISTA AMAZONICO - MIRA,CANCELADO,MOVIMIENTO REGIONAL,LORETO,,28/01/2011
MOVIMIENTO REGIONAL VOZ VERDE,CANCELADO,MOVIMIENTO REGIONAL,LORETO,,28/01/2011
"MOVIMIENTO INDEPENDIENTE NUEVA ESPERANZA REGIONAL ANCASHINA ""NUEVA ERA""",CANCELADO,MOVIMIENTO REGIONAL,ANCASH,,28/01/2011
MOVIMIENTO DE INNOVACION CAJAMARCA,CANCELADO,MOVIMIENTO REGIONAL,CAJAMARCA,,28/01/2011
FUERZA REGIONAL INKA,CANCELADO,MOVIMIENTO REGIONAL,CUSCO,,28/01/2011
MOVIMIENTO DEMOCRATICO JUNTOS POR EL PROGRESO,CANCELADO,MOVIMIENTO REGIONAL,CUSCO,,28/01/2011
FRENTE INDEPENDIENTE DE LORETO,CANCELADO,MOVIMIENTO REGIONAL,LORETO,,28/01/2011
FRENTE INDEPENDIENTE REGIONAL,CANCELADO,MOVIMIENTO REGIONAL,CAJAMARCA,,28/01/2011
MOVIMIENTO POLITICO REGIONAL IDEAS,CANCELADO,MOVIMIENTO REGIONAL,SAN MARTÍN,,28/01/2011
QOSQOLLAY,CANCELADO,MOVIMIENTO REGIONAL,CUSCO,,28/01/2011
REVOLUCION REGIONAL,CANCELADO,MOVIMIENTO REGIONAL,HUANCAVELICA,,28/01/2011
MOVIMIENTO REGIONAL FUERZA POR MADRE DE DIOS - MR FMDD,INSCRITO,MOVIMIENTO REGIONAL,MADRE DE DIOS,,28/01/2014
MOVIMIENTO INDEPENDIENTE REGIONAL CAMBIO UCAYALINO,INSCRITO,MOVIMIENTO REGIONAL,UCAYALI,,28/01/2014
TODOS SOMOS AMAZONAS,CANCELADO,ALIANZA ELECTORAL,REGIONAL,,28/02/2018
BLOQUE POPULAR LAMBAYEQUE,CANCELADO,MOVIMIENTO REGIONAL,LAMBAYEQUE,,28/03/2011
MOVIMIENTO REGIONAL LAMBAYECANO PODER PARA TODOS,CANCELADO,MOVIMIENTO REGIONAL,LAMBAYEQUE,,28/03/2011
EL AGRO A LA REGION,CANCELADO,MOVIMIENTO REGIONAL,CAJAMARCA,,28/03/2011
TIERRA Y LIBERTAD,CANCELADO,MOVIMIENTO REGIONAL,CAJAMARCA,,28/03/2011
ACCION POR EL BIENESTAR,CANCELADO,ORGANIZACIÓN LOCAL (PROVINCIAL),LA LIBERTAD - ASCOPE,,29/01/2019
VOCES DE LINCE,CANCELADO,ORGANIZACION LOCAL (DISTRITAL),LIMA - LIMA - LINCE,,29/01/2019
TRABAJO MAS TRABAJO,CANCELADO,ORGANIZACION LOCAL (DISTRITAL),LA LIBERTAD - CHEPEN - PUEBLO NUEVO,,29/01/2019
VIVA LA MOLINA,CANCELADO,ORGANIZACION LOCAL (DISTRITAL),LIMA - LIMA - LA MOLINA,,29/01/2019
FRENTE METROPOLITANO,CANCELADO,ORGANIZACIÓN LOCAL (PROVINCIAL),LIMA - LIMA,,29/01/2019
ROCA FUERTE - SEGUNDA JERUSALEN,CANCELADO,ORGANIZACIÓN LOCAL (PROVINCIAL),SAN MARTÍN - RIOJA,,29/01/2019
MOVIMIENTO INDEPENDIENTE REGIONAL YO SI AMO A TUMBES,CANCELADO,MOVIMIENTO REGIONAL,TUMBES,,29/01/2020
MOVIMIENTO REGIONAL ACUERDO POPULAR UNIFICADO,CANCELADO,MOVIMIENTO REGIONAL,CUSCO,,29/01/2020
JUNTOS POR EL SUR,CANCELADO,MOVIMIENTO REGIONAL,AREQUIPA,,29/01/2020
MAS SAN MARTIN,CANCELADO,MOVIMIENTO REGIONAL,SAN MARTÍN,,29/01/2020
SOMOS CAMBIO,CANCELADO,MOVIMIENTO REGIONAL,MOQUEGUA,,29/01/2020
CIENCIA Y ACCION MOVILIZADORA DE UCAYALI,CANCELADO,MOVIMIENTO REGIONAL,UCAYALI,,29/01/2020
MOVIMIENTO INDEPENDIENTE INNOVACION REGIONAL,CANCELADO,MOVIMIENTO REGIONAL,AYACUCHO,,29/01/2020
MOVIMIENTO REGIONAL AGRO,CANCELADO,MOVIMIENTO REGIONAL,CUSCO,,29/01/2020
MOVIMIENTO INDEPENDIENTE OBRAS SIEMPRE OBRAS,CANCELADO,MOVIMIENTO REGIONAL,MADRE DE DIOS,,29/01/2020
MOVIMIENTO POLITICO REGIONAL UNIDOS POR SAN MARTIN,CANCELADO,MOVIMIENTO REGIONAL,SAN MARTÍN,,29/01/2020
MOVIMIENTO INDEPENDIENTE REGIONAL HORA CERO,CANCELADO,MOVIMIENTO REGIONAL,ANCASH,,29/01/2020
MOVIMIENTO REGIONAL ANDE - MAR,CANCELADO,MOVIMIENTO REGIONAL,ANCASH,,29/01/2020
MOVIMIENTO ETNOCACERISTA REGIONAL DEL CUSCO,CANCELADO,MOVIMIENTO REGIONAL,CUSCO,,29/01/2020
MOVIMIENTO POLITICO FRENTE AMPLIO REGIONAL PAISANOCUNA,CANCELADO,MOVIMIENTO REGIONAL,HUÁNUCO,,29/01/2020
MOVIMIENTO REGIONAL PARA EL DESARROLLO CON SEGURIDAD Y HONRADEZ,CANCELADO,MOVIMIENTO REGIONAL,LA LIBERTAD,,29/01/2020
PARTIDO PATRIOTICO DEL PERU,INSCRITO,PARTIDO POLÍTICO,NACIONAL,,29/03/2022
MOVIMIENTO REGIONAL EL MAICITO,INSCRITO,MOVIMIENTO REGIONAL,ANCASH,,29/05/2014
SALVEMOS AL PERU,INSCRITO,PARTIDO POLÍTICO,NACIONAL,,29/05/2023
FRENTE PATRIOTA PERUANO,CANCELADO,MOVIMIENTO REGIONAL,JUNÍN,,30/03/2011
"MOVIMIENTO INDEPENDIENTE UNIDOS POR JUNIN, SIERRA Y SELVA",CANCELADO,MOVIMIENTO REGIONAL,JUNÍN,,30/03/2011
LORETO RESTAURADO,CANCELADO,MOVIMIENTO REGIONAL,LORETO,,30/03/2011
MOVIMIENTO REGIONAL CONSTRUYENDO,INSCRITO,MOVIMIENTO REGIONAL,LAMBAYEQUE,,30/06/2010
MOVIMIENTO REGIONAL AREQUIPA AVANCEMOS,INSCRITO,MOVIMIENTO REGIONAL,AREQUIPA,,30/06/2014
RENOVACION NACIONAL,CANCELADO,PARTIDO POLÍTICO,NACIONAL,,30/07/2012
MOVIMIENTO NUEVA IZQUIERDA,CANCELADO,PARTIDO POLÍTICO,NACIONAL,,30/07/2012
AGRUPACION INDEPENDIENTE SI CUMPLE,CANCELADO,PARTIDO POLÍTICO,NACIONAL,,30/07/2012
MOVIMIENTO REGIONAL TRABAJO MAS TRABAJO,INSCRITO,MOVIMIENTO REGIONAL,LA LIBERTAD,,30/12/2021
FRENTE DE MOVILIZACION SOCIAL,CANCELADO,MOVIMIENTO REGIONAL,AREQUIPA,,31/03/2011
HACIA UN TUMBES DIFERENTE,CANCELADO,MOVIMIENTO REGIONAL,TUMBES,,31/03/2011
DECIDE,CANCELADO,MOVIMIENTO REGIONAL,AREQUIPA,,31/03/2011
MOVIMIENTO DE DESARROLLO LOCAL,CANCELADO,MOVIMIENTO REGIONAL,PIURA,,31/03/2011
MOVIMIENTO REGIONAL DE LAS MANOS LIMPIAS,CANCELADO,MOVIMIENTO REGIONAL,LAMBAYEQUE,,31/03/2011
AREQUIPA PRIMERO,CANCELADO,MOVIMIENTO REGIONAL,AREQUIPA,,31/03/2011
MOVIMIENTO PRODUCTIVO REGIONAL,CANCELADO,MOVIMIENTO REGIONAL,MADRE DE DIOS,,31/03/2011
MOVIMIENTO INDEPENDIENTE REGIONAL HUANUCO PRIMERO,INSCRITO,MOVIMIENTO REGIONAL,HUÁNUCO,,31/05/2011
MOVIMIENTO REGIONAL SIERRA Y SELVA CONTIGO JUNIN,INSCRITO,MOVIMIENTO REGIONAL,JUNÍN,,31/07/2017
PARTIDO PAIS PARA TODOS,INSCRITO,PARTIDO POLÍTICO,NACIONAL,02/08/2024,
PARTIDO DEL BUEN GOBIERNO,INSCRITO,PARTIDO POLÍTICO,NACIONAL,02/08/2024,
PARTIDO UNIDAD Y PAZ,INSCRITO,PARTIDO POLÍTICO,NACIONAL,02/10/2024,
MOVIMIENTO INDEPENDIENTE FUERZA REGIONAL,INSCRITO,MOVIMIENTO REGIONAL,PIURA,04/03/2010,
COMUNIDAD POLITICA INKA PERU,INSCRITO,PARTIDO POLÍTICO,NACIONAL,04/09/2025,
PARTIDO DE LOS TRABAJADORES Y EMPRENDEDORES PTE - PERU,INSCRITO,PARTIDO POLÍTICO,NACIONAL,05/04/2024,
VERDAD Y HONRADEZ,INSCRITO,PARTIDO POLÍTICO,NACIONAL,07/01/2026,
PARTIDO POLITICO FUERZA MODERNA,INSCRITO,PARTIDO POLÍTICO,NACIONAL,07/08/2024,
UN CAMINO DIFERENTE,INSCRITO,PARTIDO POLÍTICO,NACIONAL,11/04/2025,
PARTIDO POLITICO INTEGRIDAD DEMOCRATICA,INSCRITO,PARTIDO POLÍTICO,NACIONAL,11/04/2025,
PARTIDO CIVICO OBRAS,INSCRITO,PARTIDO POLÍTICO,NACIONAL,15/07/2024,
PARTIDO CIUDADANOS POR EL PERU,INSCRITO,PARTIDO POLÍTICO,NACIONAL,17/01/2025,
PARTIDO SICREO,INSCRITO,PARTIDO POLÍTICO,NACIONAL,18/03/2024,
PARTIDO POLITICO TODO CON EL PUEBLO,INSCRITO,PARTIDO POLÍTICO,NACIONAL,18/08/2025,
PARTIDO POLITICO PERUANOS UNIDOS : ¡SOMOS LIBRES!,INSCRITO,PARTIDO POLÍTICO,NACIONAL,20/11/2024,
PARTIDO DEMOCRATICO FEDERAL,INSCRITO,PARTIDO POLÍTICO,NACIONAL,21/01/2025,
ADELANTE PUEBLO UNIDO,INSCRITO,PARTIDO POLÍTICO,NACIONAL,23/06/2025,
UP UNIDAD POPULAR,INSCRITO,PARTIDO POLÍTICO,NACIONAL,23/06/2025,
PARTIDO POLITICO POPULAR VOCES DEL PUEBLO,INSCRITO,PARTIDO POLÍTICO,NACIONAL,23/10/2024,
PARTIDO POLITICO PUEBLO CONSCIENTE,INSCRITO,PARTIDO POLÍTICO,NACIONAL,24/09/2025,
PARTIDO POLITICO COOPERACION POPULAR,INSCRITO,PARTIDO POLÍTICO,NACIONAL,25/11/2024,
BATALLA PERU,INSCRITO,PARTIDO POLÍTICO,NACIONAL,31/01/2025,
